Order ID,Customer Name,Region,Order Date,Quantity,Unit Price,Discount
1000,Ann Lee,South,2024-01-01,12,43.8,0
1001,dee fox ,West,2024-01-02,15,38.95,0
1002,Cy Dunn,North,2024-01-03,15,25.35,0.1
1003,Bob Ray,,2024-01-04,3,4000.0,0
1004,Bob Ray,East,2024-01-05,16,35.16,0.05
1005,Ann Lee ,North,2024-01-06,11,35.73,0
1006,Ann Lee,south,2024-01-07,7,31.44,0
1007,dee fox ,East,2024-01-08,10,34.77,
1008, bob ray,south,2024-01-09,19,43.42,0
1009,Ann Lee,North,2024-01-10,17,38.49,0
1010,Cy Dunn,East,2024-01-11,16,42.63,
1011,Ann Lee ,West,2024-01-12,9,42.9,0
1012,dee fox ,North,2024-01-13,15,50.57,
1013,dee fox ,south,2024-01-14,8,37.26,0
1014,dee fox ,south,2024-01-15,14,28.19,0
1015,dee fox ,East,2024-01-16,13,48.54,0
1016,Cy Dunn,West,2024-01-17,5,37.35,0.1
1017,Ann Lee,West,2024-01-18,6,48.92,0.1
1018,Ann Lee ,,2024-01-19,2,43.07,0.05
1019,Bob Ray,West,2024-01-20,3,38.95,0
1020,Cy Dunn,south,2024-01-21,9,42.79,0
1021,Bob Ray,North,2024-01-22,10,55.61,0.1
1022, bob ray,East,2024-01-23,4,56.62,0
1023,Ann Lee ,,2024-01-24,8,40.56,0.1
1024,dee fox ,,2024-01-25,12,41.28,0.1
1025,Cy Dunn,south,2024-01-26,5,48.61,
1026,Bob Ray,south,2024-01-27,7,33.23,0.05
1027,dee fox ,North,2024-01-28,7,42.66,0
1028,Cy Dunn,North,2024-01-29,10,39.79,0.05
1029,Bob Ray,East,2024-01-30,7,42.51,
1030,Bob Ray,East,2024-01-31,15,33.33,0.1
1031, bob ray,South,2024-02-01,n/a,27.28,0.1
1032,Ann Lee,south,2024-02-02,9,23.42,0.05
1033,Cy Dunn,West,2024-02-03,8,31.06,0
1034,Ann Lee ,South,2024-02-04,4,36.33,
1035,Ann Lee,West,2024-02-05,14,37.65,
1036,Ann Lee ,,2024-02-06,5,55.5,
1037,dee fox ,south,2024-02-07,6,48.85,
1038, bob ray,south,2024-02-08,16,32.3,0.05
1039,Cy Dunn,,2024-02-09,19,42.78,0.05
1040,Ann Lee,East,2024-02-10,13,36.74,0
1041,dee fox ,south,2024-02-11,18,37.73,
1042,dee fox ,East,2024-02-12,17,41.48,0.1
1043,Bob Ray,East,2024-02-13,10,44.95,0.05
1044,Ann Lee,,2024-02-14,15,37.29,
1045,Ann Lee ,south,2024-02-15,7,48.51,0.1
1046,Bob Ray,,2024-02-16,9,30.86,
1047,Ann Lee ,,2024-02-17,11,40.05,
1048,dee fox ,south,2024-02-18,19,60.78,0
1049,dee fox ,North,2024-02-19,17,41.78,0.05
1050,dee fox ,East,2024-02-20,10,51.47,0.1
1051, bob ray,North,2024-02-21,13,40.73,
1052,Bob Ray,south,2024-02-22,4,44.65,0
1053,Bob Ray,South,2024-02-23,16,39.55,0.05
1054,Bob Ray,,2024-02-24,11,38.64,0.1
1055,Ann Lee,,2024-02-25,11,33.76,
1056,Cy Dunn,North,2024-02-26,15,43.44,0
1057,Ann Lee,,2024-02-27,13,33.19,0.1
1058,dee fox ,North,2024-02-28,2,45.32,0.05
1059,dee fox ,West,2024-02-29,6,48.68,0
1060,Ann Lee ,,2024-03-01,4,42.93,0.1
1061,dee fox ,,2024-03-02,14,37.71,0.05
1062,Bob Ray,south,2024-03-03,1,43.63,0.1
1063,Ann Lee ,,2024-03-04,4,37.53,0.05
1064,Bob Ray,North,2024-03-05,12,47.48,
1065, bob ray,East,2024-03-06,14,25.35,0
1066,Ann Lee ,South,2024-03-07,10,37.32,
1067,Bob Ray,south,2024-03-08,17,24.07,0
1068,Ann Lee,North,2024-03-09,18,28.04,0.1
1069,Bob Ray,West,2024-03-10,3,50.91,0.05
1070,dee fox ,South,2024-03-11,19,47.16,0.05
1071, bob ray,East,2024-03-12,12,34.24,0
1072,Bob Ray,South,2024-03-13,13,27.98,0.1
1073,Ann Lee,South,2024-03-14,2,16.28,0
1074,dee fox ,,2024-03-15,12,35.65,0.1
1075,Bob Ray,North,2024-03-16,14,59.36,0.1
1076, bob ray,West,2024-03-17,12,43.48,
1077, bob ray,West,2024-03-18,2,35.52,0.1
1078,Cy Dunn,South,2024-03-19,10,43.72,0.05
1079,dee fox ,south,2024-03-20,18,27.51,0.1
1080,Ann Lee ,North,2024-03-21,14,37.62,
1081,Bob Ray,,2024-03-22,3,40.8,0.05
1082,Ann Lee,,2024-03-23,19,39.31,0
1083,dee fox ,south,2024-03-24,19,46.33,
1084,Cy Dunn,North,2024-03-25,4,42.76,0
1085,dee fox ,North,2024-03-26,16,45.35,0.1
1086,Ann Lee,North,2024-03-27,8,34.49,0
1087, bob ray,West,2024-03-28,12,47.18,0
1088,dee fox ,,2024-03-29,n/a,53.03,
1089,dee fox ,North,2024-03-30,15,32.24,0
1090,Bob Ray,West,2024-03-31,19,32.9,0.1
1091,dee fox ,south,2024-04-01,16,50.69,0.1
1092,Ann Lee ,South,2024-04-02,18,38.47,0
1093,Bob Ray,East,2024-04-03,18,51.23,0
1094,Ann Lee ,West,2024-04-04,2,36.46,
1095, bob ray,,2024-04-05,5,51.64,0.1
1096, bob ray,North,2024-04-06,14,41.05,0
1097,dee fox ,south,2024-04-07,12,42.07,
1098,Cy Dunn,south,2024-04-08,1,52.52,0.05
1099,Ann Lee,south,2024-04-09,2,37.11,0
1100,dee fox ,,2024-04-10,10,32.47,
1101, bob ray,West,2024-04-11,12,36.41,0
1102,dee fox ,south,2024-04-12,4,43.62,0.1
1103,Ann Lee,,2024-04-13,4,27.47,
1104,dee fox ,South,2024-04-14,3,45.1,0.1
1105,dee fox ,East,2024-04-15,11,35.69,0.1
1106,dee fox ,South,2024-04-16,1,49.18,0.05
1107,Cy Dunn,North,2024-04-17,11,20.85,0
1108,Bob Ray,,2024-04-18,10,33.71,0.1
1109,dee fox ,North,2024-04-19,9,26.51,
1110, bob ray,south,2024-04-20,13,33.39,0
1111,dee fox ,south,2024-04-21,10,41.98,
1112,Cy Dunn,south,2024-04-22,14,38.57,0.05
1113,Bob Ray,North,2024-04-23,15,37.97,0.1
1114,Cy Dunn,North,2024-04-24,18,38.73,0
1115,Cy Dunn,West,2024-04-25,16,41.63,0.1
1116,Ann Lee,,2024-04-26,10,31.93,0
1117,Ann Lee,North,2024-04-27,10,45.65,0.05
1118, bob ray,south,2024-04-28,5,45.3,0.1
1119,Ann Lee,East,2024-04-29,12,43.08,0
1120,Bob Ray,,2024-04-30,3,44.45,0.05
1121,dee fox ,West,2024-05-01,18,42.37,0.1
1122,Cy Dunn,West,2024-05-02,17,56.28,0
1123,Bob Ray,East,2024-05-03,3,39.3,0.05
1124,Ann Lee ,South,2024-05-04,15,37.54,0.05
1125,Cy Dunn,south,2024-05-05,3,33.97,0.1
1126,Ann Lee,,2024-05-06,14,31.74,
1127,dee fox ,West,2024-05-07,2,30.04,
1128,Cy Dunn,North,2024-05-08,10,32.89,0
1129,Cy Dunn,West,2024-05-09,13,39.43,0
1130,Cy Dunn,North,2024-05-10,14,42.67,0
1131,Cy Dunn,West,2024-05-11,8,40.41,0.1
1132,Ann Lee,West,2024-05-12,18,33.88,0
1133,Cy Dunn,North,2024-05-13,15,47.2,0
1134,dee fox ,South,2024-05-14,4,45.92,
1135, bob ray,North,2024-05-15,13,38.72,
1136,Cy Dunn,East,2024-05-16,14,34.78,
1137,Ann Lee,,2024-05-17,7,44.39,0.05
1138,Bob Ray,North,2024-05-18,15,41.5,0.1
1139,Bob Ray,South,2024-05-19,18,28.41,0.1
1140,Ann Lee ,,2024-05-20,16,39.46,0
1141, bob ray,south,2024-05-21,15,42.1,0.1
1142, bob ray,North,2024-05-22,13,32.8,0.1
1143,Bob Ray,South,2024-05-23,6,41.52,0.05
1144,Ann Lee ,East,2024-05-24,16,28.36,
1145,Ann Lee ,East,2024-05-25,7,50.69,0.1
1146,Ann Lee,south,2024-05-26,11,49.98,0.1
1147, bob ray,,2024-05-27,6,37.98,0.1
1148,dee fox ,East,2024-05-28,6,42.91,
1149,Ann Lee,south,2024-05-29,3,20.72,0.1
1150,Ann Lee ,,2024-05-30,19,30.75,0.05
1151, bob ray,,2024-05-31,3,37.65,
1152,Ann Lee ,South,2024-06-01,2,31.42,0.1
1153, bob ray,North,2024-06-02,18,45.72,
1154,Bob Ray,East,2024-06-03,11,55.98,0
1155,Cy Dunn,East,2024-06-04,9,30.59,0.05
1156,Ann Lee,North,2024-06-05,15,33.3,
1157,Cy Dunn,East,2024-06-06,8,41.88,0.1
1158,Cy Dunn,,2024-06-07,3,52.89,
1159,dee fox ,North,2024-06-08,14,30.22,0
1160,Ann Lee ,West,2024-06-09,4,41.99,0
1161,Cy Dunn,North,2024-06-10,11,54.57,
1162,Bob Ray,West,2024-06-11,19,26.79,0.05
1163,Bob Ray,South,2024-06-12,18,29.75,0.1
1164,Bob Ray,North,2024-06-13,7,36.61,0.05
1165,dee fox ,,2024-06-14,15,35.84,0.05
1166, bob ray,North,2024-06-15,12,46.5,
1167, bob ray,East,2024-06-16,10,41.93,0
1168,Bob Ray,south,2024-06-17,3,25.8,
1169,Ann Lee,,2024-06-18,8,44.12,
1170,Ann Lee,West,2024-06-19,13,35.38,0.1
1171,Ann Lee,West,2024-06-20,19,50.2,0.05
1172,dee fox ,South,2024-06-21,1,34.98,0
1173,dee fox ,South,2024-06-22,14,34.91,0.1
1174,dee fox ,East,2024-06-23,17,44.33,0.05
1175,Bob Ray,West,2024-06-24,19,46.1,0
1176,dee fox ,,2024-06-25,9,43.58,0.05
1177,Ann Lee,North,2024-06-26,3,26.52,
1178,Ann Lee ,East,2024-06-27,6,44.3,0.05
1179,Cy Dunn,North,2024-06-28,17,31.73,0
1180,Ann Lee ,south,2024-06-29,17,41.88,0.1
1181,Ann Lee,West,2024-06-30,13,28.61,0
1182,Bob Ray,south,2024-07-01,3,43.57,
1183,dee fox ,West,2024-07-02,3,33.55,
1184,Bob Ray,South,2024-07-03,10,29.74,
1185,Bob Ray,south,2024-07-04,12,45.71,
1186,Ann Lee,South,2024-07-05,1,41.93,0
1187,Bob Ray,East,2024-07-06,14,35.09,0
1188, bob ray,West,2024-07-07,11,51.61,0.05
1189, bob ray,East,2024-07-08,1,36.47,0.05
1190,dee fox ,,2024-07-09,2,40.26,
1191,Cy Dunn,,2024-07-10,9,42.15,0.1
1192,Cy Dunn,West,2024-07-11,14,35.04,0.1
1193,Bob Ray,East,2024-07-12,16,43.77,
1194,Ann Lee ,south,2024-07-13,9,35.73,0.1
1195,Ann Lee,South,2024-07-14,6,36.71,0.05
1196,Bob Ray,North,2024-07-15,19,50.9,0.05
1197,Ann Lee,South,2024-07-16,9,31.68,0.1
1198,Bob Ray,,2024-07-17,6,20.7,0
1199,Ann Lee ,South,2024-07-18,9,52.89,0.1
1200,Bob Ray,North,2024-07-19,1,60.39,0.1
1201,Ann Lee ,East,2024-07-20,6,36.76,0.1
1202,Bob Ray,,2024-07-21,10,24.51,0.1
1203,dee fox ,,2024-07-22,18,37.52,
1204,Bob Ray,south,2024-07-23,15,37.71,
1205, bob ray,South,2024-07-24,15,38.48,0.1
1206,dee fox ,East,2024-07-25,11,31.09,0.05
1207,Ann Lee ,south,2024-07-26,3,44.64,0
1208, bob ray,south,2024-07-27,8,44.2,
1209,dee fox ,south,2024-07-28,19,28.04,
1210, bob ray,,2024-07-29,1,45.59,0.1
1211,dee fox ,West,2024-07-30,17,56.42,
1212,dee fox ,,2024-07-31,14,41.38,
1213,Bob Ray,West,2024-08-01,6,37.3,
1214,dee fox ,,2024-08-02,15,38.86,0.1
1215, bob ray,North,2024-08-03,16,44.92,0
1216,Ann Lee,,2024-08-04,1,26.15,0
1217,Ann Lee,North,2024-08-05,3,41.32,0
1218,Bob Ray,South,2024-08-06,13,36.88,0.05
1219,Ann Lee ,East,2024-08-07,19,54.78,0.1
1220,Ann Lee,South,2024-08-08,1,38.61,0.05
1221,Bob Ray,North,2024-08-09,13,53.34,0
1222,dee fox ,south,2024-08-10,3,31.17,0
1223, bob ray,West,2024-08-11,13,44.7,
1224,dee fox ,south,2024-08-12,12,42.56,
1225, bob ray,south,2024-08-13,2,33.05,0.05
1226,dee fox ,,2024-08-14,13,41.42,
1227,Cy Dunn,North,2024-08-15,18,49.7,0.1
1228,Cy Dunn,,2024-08-16,17,37.41,
1229, bob ray,,2024-08-17,n/a,26.46,
1230,Bob Ray,East,2024-08-18,5,39.86,0.1
1231,Ann Lee ,North,2024-08-19,5,32.78,0.05
1232,Ann Lee,North,2024-08-20,9,37.26,0.1
1233,dee fox ,south,2024-08-21,3,39.35,0.05
1234,Bob Ray,East,2024-08-22,17,26.35,0.05
1235,dee fox ,North,2024-08-23,15,27.07,0.1
1236,Cy Dunn,South,2024-08-24,16,43.86,0.1
1237,Bob Ray,North,2024-08-25,4,35.82,0.1
1238, bob ray,East,2024-08-26,1,19.48,0.05
1239,Cy Dunn,North,2024-08-27,18,46.28,0.05
1240,Ann Lee,West,2024-08-28,6,42.18,0
1241,Cy Dunn,North,2024-08-29,13,34.29,0.1
1242,Ann Lee,south,2024-08-30,18,29.47,0.1
1243,Cy Dunn,south,2024-08-31,1,46.69,
1244,Cy Dunn,West,2024-09-01,1,42.79,0.1
1245,Ann Lee,North,2024-09-02,1,59.06,0.05
1246,dee fox ,South,2024-09-03,3,43.36,0
1247,Bob Ray,East,2024-09-04,1,43.1,0
1248,dee fox ,East,2024-09-05,16,38.66,0.05
1249,Ann Lee,West,2024-09-06,12,46.53,0.05
1250, bob ray,West,2024-09-07,19,45.0,0.05
1251,Bob Ray,South,2024-09-08,16,50.01,0.05
1252, bob ray,West,2024-09-09,19,35.83,
1253, bob ray,south,2024-09-10,5,36.52,0
1254,Cy Dunn,,2024-09-11,6,36.17,0.05
1255,Ann Lee,East,2024-09-12,17,46.33,0
1256,dee fox ,West,2024-09-13,5,51.99,0.05
1257,Ann Lee,,2024-09-14,2,36.33,0.1
1258, bob ray,West,2024-09-15,13,36.6,0
1259,Cy Dunn,,2024-09-16,n/a,42.51,0.05
1260,dee fox ,East,2024-09-17,19,38.03,0
1261, bob ray,North,2024-09-18,18,47.62,
1262, bob ray,South,2024-09-19,3,21.99,0.1
1263,Ann Lee ,south,2024-09-20,15,33.39,0
1264,Ann Lee ,,2024-09-21,17,33.74,0
1265,Cy Dunn,south,2024-09-22,14,21.44,0
1266,Bob Ray,south,2024-09-23,16,32.29,0.05
1267,Bob Ray,south,2024-09-24,16,32.68,
1268,Cy Dunn,East,2024-09-25,n/a,38.39,0.1
1269,Cy Dunn,East,2024-09-26,1,48.9,
1270, bob ray,,2024-09-27,9,38.04,0.05
1271,Ann Lee,South,2024-09-28,4,31.75,0.05
1272,Ann Lee,south,2024-09-29,3,39.54,0.05
1273,Ann Lee ,North,2024-09-30,3,48.39,0
1274,Bob Ray,North,2024-10-01,14,32.19,
1275,Bob Ray,South,2024-10-02,10,32.72,0
1276,Bob Ray,,2024-10-03,11,44.47,0.05
1277,dee fox ,East,2024-10-04,15,38.23,0.1
1278,Ann Lee,,2024-10-05,11,45.18,0
1279,Ann Lee,North,2024-10-06,12,39.89,0.05
1280, bob ray,North,2024-10-07,2,45.61,0.05
1281,Bob Ray,,2024-10-08,17,31.72,0.05
1282,dee fox ,North,2024-10-09,9,39.9,0
1283,Bob Ray,North,2024-10-10,3,38.31,0
1284,Bob Ray,South,2024-10-11,16,30.27,0
1285,Ann Lee ,,2024-10-12,14,27.49,0.05
1286,Ann Lee,West,2024-10-13,2,45.49,0
1287,Cy Dunn,North,2024-10-14,4,37.19,
1288,Cy Dunn,,2024-10-15,1,31.82,0
1289,Bob Ray,,2024-10-16,6,39.23,0.1
1290,dee fox ,West,2024-10-17,2,49.02,0.1
1291, bob ray,,2024-10-18,14,21.75,0.05
1292,Ann Lee ,south,2024-10-19,10,28.03,
1293, bob ray,,2024-10-20,19,32.62,0
1294,Cy Dunn,south,2024-10-21,15,51.69,0
1295,Cy Dunn,West,2024-10-22,n/a,42.26,0.05
1296,Ann Lee ,East,2024-10-23,10,46.14,0
1297,Bob Ray,West,2024-10-24,2,30.88,0.05
1298, bob ray,East,2024-10-25,2,31.04,0.05
1299,Ann Lee,East,2024-10-26,12,43.58,
1000,Ann Lee,South,2024-01-01,12,43.8,0
1001,dee fox ,West,2024-01-02,15,38.95,0
1002,Cy Dunn,North,2024-01-03,15,25.35,0.1
1003,Bob Ray,,2024-01-04,3,4000.0,0
1004,Bob Ray,East,2024-01-05,16,35.16,0.05
1005,Ann Lee ,North,2024-01-06,11,35.73,0
1006,Ann Lee,south,2024-01-07,7,31.44,0
1007,dee fox ,East,2024-01-08,10,34.77,
